"","gene1","gene2","gene3","gene4","gene5","gene6","gene7","gene8","gene9","gene10","gene11","gene12","gene13","gene14","gene15","gene16","gene17","gene18","gene19","gene20","gene21","gene22","gene23","gene24","gene25","gene26","gene27","gene28","gene29","gene30","gene31","gene32","gene33","gene34","gene35","gene36","gene37","gene38","gene39","gene40","gene41","gene42","gene43","gene44","gene45","gene46","gene47","gene48","gene49","gene50","gene51","gene52","gene53","gene54","gene55","gene56","gene57","gene58","gene59","gene60","gene61","gene62","gene63","gene64","gene65","gene66","gene67","gene68","gene69","gene70","gene71","gene72","gene73","gene74","gene75","gene76","gene77","gene78","gene79","gene80","gene81","gene82","gene83","gene84","gene85","gene86","gene87","gene88","gene89","gene90","gene91","gene92","gene93","gene94","gene95","gene96","gene97","gene98","gene99","gene100"
"norm1",12.5310707106109,18.4393728827059,11.9253435388045,14.0361065844253,18.348961859363,15.8759007173026,19.076389535806,15.497622821094,8.17362441224178,14.870276184601,20.5912919291126,7.6526391397078,14.0631507749824,19.4699487871742,14.1226721472748,11.8237899704232,14.8928783791645,14.1071371582751,14.8005283458987,21.2109140940566,17.6000406603367,13.7831973402418,17.9121320750086,13.053818815457,14.4553615769586,15.4177886923636,19.7925547674884,18.7774229877082,13.8724134769663,17.5099407895056,20.5750859501231,10.9415804256874,18.5386244808608,19.2679030430974,12.0100222588119,13.4024577102484,13.7102664521105,13.678636809998,10.2497470720267,13.6743359295755,13.5239738302157,14.6918064828189,11.9891137563261,13.5995266819361,12.9518260070393,12.4486495888603,14.9966527531133,16.0238732809597,12.0714636293379,10.15439931232,11.24178221467,14.846970316922,16.9381824319201,18.2949915288561,10.6680203900691,11.561237149674,17.3609917605598,15.339845043587,15.1747038421201,10.0782836948901,15.090014438152,11.7216905064717,18.5300419173412,10.214917098756,19.243940498117,21.2677696937812,14.7005592907988,11.7719163816455,14.549134464089,13.1847703544109,13.6158834538973,16.5417778824018,18.5128236083524,9.43626715652625,17.2731199448581,11.5388350398166,20.0620894674202,11.1987897240596,13.7379320539641,16.3455185966803,12.8227327153598,15.3913030396811,15.1069861801406,19.959828775821,12.6920352386855,16.2581387140719,13.6217350998436,15.4991746887684,10.9900003456919,14.3654207764791,15.1948554967252,16.4769438759924,15.8321396500073,15.8766066158173,13.3111616988476,10.5172412414899,15.5440671429416,16.7819718646148,15.9229588660652,10.1203793178607
"norm2",16.7715311432192,13.8025522769039,12.7200679260681,11.3523425642591,15.8161250425148,17.8477229056121,11.8070786519978,17.0977681744053,15.6476508683285,6.0508914205814,18.9068728414614,18.7090205972582,14.9792874701386,15.2870806169677,11.915008466331,14.9435607711299,15.9770701345228,17.1019213368609,13.7131691517578,14.0231095903658,13.9140507303053,20.5776667830615,10.5925822339309,12.2739536464686,6.999713708959,13.3606666748183,15.1227461200553,14.9811812533427,11.2525835810731,13.5331791319316,15.8464729401832,10.742441047358,17.3701850172619,15.9100968228018,14.6287002995863,16.8536303267213,12.7777839966642,20.7179169083852,14.0697910629263,10.0780674154369,14.1884116976116,15.0720207554886,12.6159956580357,17.3623721250036,17.6580090764757,15.3781410996951,13.1596052640223,17.0828972549416,17.6392619101325,11.1282061339062,12.7320949626415,17.5307307082199,15.6139192839705,17.9443109671132,11.6809655639636,9.78003543904622,17.2936989026506,16.5577962138201,13.0437817426912,12.5750411090997,20.2724653748939,11.290148421845,11.9628986787023,12.1077648153305,18.508816095102,18.5947661913713,17.6628943577686,15.265941167751,15.9769905609092,13.2892041758043,8.81801349768063,21.3286888668015,14.5898784639653,11.4855174466073,17.2160563892262,14.216322758943,12.3165240906012,16.344629785014,14.3264444764428,17.4408269382875,17.3321294505497,15.1447466802934,8.3635607490328,13.327363267714,17.5932331957067,15.5455638154729,12.9370977668581,18.5101385631062,17.8248521070398,10.9108830750722,18.9051248867526,7.08324334220677,17.8350480262422,8.22547182544419,14.6519355259446,11.6353174101273,16.1153760470027,12.72966052837,13.4656435542089,13.8724431055637
"norm3",9.23383529182486,14.5579820557016,15.9352960794063,7.67441682891254,19.9401220669993,17.7867653837432,15.2455267470899,16.6734371995215,14.375011965934,15.2142102777177,18.7009174293366,16.1643707634265,14.0034655659569,16.5025997121028,18.9866918516085,15.3285445891824,16.2050526266496,11.976858502916,15.5158919601413,10.6913966545066,12.9961030087685,14.7183689792053,17.5431291424611,14.6961122980605,13.371230383654,13.0945443812209,11.9636144028143,14.5638034840655,15.0444940240644,16.1809001092062,13.5489844478512,14.0700244712228,13.4949019143654,12.7330903884792,19.3549828171272,16.8304817890658,20.2782378509311,13.7248596347878,17.4864806041935,18.3107907510543,16.9455167367032,11.5178466992619,12.3902680248857,18.1818737108204,11.9259419388746,17.431712627672,15.8180633354111,14.6343199148148,14.1203779702304,11.0102764727149,12.5827877885163,12.2930614827462,14.3902744260986,15.8001825119656,14.2190604551744,13.7846769938913,15.0125306064159,14.5925490815754,12.0614424128997,13.095949503483,14.3113203936731,13.333005730733,13.045665981281,16.401834010118,20.3776788699812,12.1224443468851,12.849534012853,13.786518028235,18.656556811359,12.6175084268112,12.2315417960859,12.0769518718518,12.8329476277318,10.5105052162056,16.799550715994,17.7667380845532,14.5176265277991,17.8109632943299,16.9891653081437,7.2724143567909,12.4115585346686,7.36550489052867,17.0372950064265,18.1029714562139,16.9060632012031,15.8485293500918,17.2998832376649,14.5684645223661,17.3687658267528,14.0431056416196,18.1259984692449,18.2130516795902,15.9081663532613,12.9300203967641,13.9255354834877,16.1607187722254,12.5161909194111,13.6457756597109,18.7373551211646,12.2913451018563
"norm4",17.1323622138725,16.8517776657786,13.8995201743308,17.7362084516825,13.6833663708805,15.7646066862995,13.5408200048807,11.8465423650691,12.6036906027323,19.7319858516098,16.2832314426187,14.3071222264878,10.6694446668843,13.9419335727594,11.3507562016623,19.4344844043061,15.3304686149957,10.3783916182258,18.6538587837047,9.93198959707001,14.3391654568809,16.4002586542205,16.6023319205244,14.1053949256009,12.3483208239334,16.3363476307812,16.6265852520203,15.5368012379902,11.056866872315,15.5955230366604,12.2068375349333,14.2460916391242,16.0117989524511,14.7701531265702,17.7278033685369,14.7781438239683,14.3354858338779,8.14901866905074,12.6912891979495,12.3932257085706,10.1269357833987,19.3562862335998,15.2695806153887,20.2508189889264,10.6686856158189,17.642595477276,12.5222963202758,11.2565408269021,12.5851032474077,19.9161105444919,13.6020035009059,10.624745010081,7.42407338313664,16.8460919351525,11.7941099629131,17.7359847929924,11.9226970674218,16.960898502643,19.4809250822501,15.2798622207465,11.9113183900275,14.8822290804512,15.774350440638,13.8956485923469,20.6194861952028,18.1409412362765,12.9029443760855,14.1994912880068,16.9624375196716,11.2680634114663,7.9643101128128,11.1186547555174,8.8640019780986,12.2148438187335,17.0460876882007,16.9950274486517,16.1816728733028,14.8881966150223,16.783279792911,13.8316097218947,14.0841819906617,16.0872317727576,15.1327827575835,7.89093489889528,14.7196934082674,18.5579125293751,15.017305849076,12.9236170877351,15.0988397982497,17.4975941324482,12.9370033779624,11.0690872995019,17.8985773707598,14.7908997230955,18.4907514771714,11.6923132291068,15.3559602475993,12.4762729158025,18.7504989194924,18.1675887682857
"norm5",16.8075556810374,9.22006993986247,12.096294519791,15.7135147763632,14.9820659430369,12.4407036470408,16.5584187974729,14.1700147457772,12.8693558542002,18.736304132151,11.9206672440121,13.1803067892076,13.5352452431677,19.4643553362425,15.5523396846433,15.907197922321,14.3040084427872,22.1871624452839,13.1779989814046,17.0011596629131,14.5271096843926,15.6501041739552,15.8089112654091,13.4321239899374,16.5889069312791,15.6913884778554,16.1910228503207,14.3803403281065,16.1517038858672,18.9634719351847,11.0600493405145,9.65664766103941,11.5945799783504,17.6228503889152,12.6582237196968,14.1964061723153,19.0816378112722,11.8793589203637,12.7218032137082,18.0156883761364,13.67722736008,17.2848111093789,20.0353644338346,15.6058831189024,20.2727192732599,10.1263600849734,14.5583003484692,17.1022532496038,12.2550620752397,17.2830024396158,14.1002996473984,18.2873971876266,8.17724664722658,15.9200029737347,20.0983408540938,14.3977421005745,14.1715514291851,19.349044105769,18.8731753368928,14.3260139305983,15.4268351087634,17.0261091334137,12.3083719154451,13.4231379549523,11.8112380229261,14.9860647328773,12.5678223253709,20.5296394562969,21.585077202919,16.1701500649776,13.656772820375,15.9634450037272,14.9069576027921,16.9900178025753,18.6741504025188,12.964146285769,18.4609823476601,19.9375626686448,17.8919712801828,11.5077291653937,11.5783580621611,11.7305282807972,17.5901887123782,15.3505143754544,16.1654822744954,13.4567716456153,14.2532113478549,8.49730849354563,14.0332897868545,14.4338373785041,14.5737803547062,16.1378222983414,14.4459001813998,9.92988210712322,11.6676513454857,13.268633591962,16.4132361365282,15.2806497412182,17.0690095471255,12.6074303250273
"norm6",14.8263627684367,20.3308934453302,11.9068800368562,15.6102113966677,16.12220941487,16.1471125559367,12.3416936389384,16.4813260999612,14.3451358757723,13.3481183384456,19.2665955771742,10.3202236105169,10.3560203936882,14.1708501590574,19.2532377344605,11.2552067323865,17.8622333289864,14.5176399614665,13.2556688232877,16.3407058575193,19.8286833243921,18.1161867893587,12.1489657583374,16.1428160002384,14.0381087170443,11.6283276122132,15.4216401253722,13.7484730562484,15.4294052069037,15.4808490015325,14.5561641679372,12.9922013259026,13.8240691462564,10.9341117662017,13.7967348006371,13.5787763659045,17.4047542064867,14.9096031086616,20.0716808167504,16.089539282613,16.3303538906336,20.1928721238366,17.2118023653375,8.22598823238598,13.469388422079,14.990499426124,14.4241576774237,15.4412073782792,17.3984361100213,15.2374771716764,16.2469962690688,8.29913244115294,16.0075547394892,14.709049827105,15.0205968493131,11.9648602018284,11.240894843707,18.5723384532588,14.8584267927787,17.7329722479863,15.7009962233189,16.6386294731305,14.1405279123876,13.5824030260148,16.9231326557987,14.4851896376551,15.0687642380585,16.4779933206149,17.2944221317195,19.4137123555284,12.9661089969424,15.0993422225507,14.2371953497958,16.0202268697434,10.4644946490901,11.3297877330397,17.4012441014026,17.1467925700714,21.4239510225916,16.9938808406903,12.7595974021853,18.0021254848407,12.3817288559559,13.1071467157215,11.1180205778103,10.463228449744,13.9776048566849,16.6146051112404,17.8274177589677,18.5130715454989,12.9101432058288,14.206910392272,11.9964740512968,11.2021827916103,21.2936865973764,20.8114554251204,18.2848096029825,11.2264814097207,16.670707440274,14.9435397910283
"norm7",15.5640297496544,13.2325080862745,14.8751286636874,11.4816583404974,12.778034849189,18.8833933116048,13.9852698315115,16.3811471333952,18.9167744596191,15.7985934598473,18.7744516204784,17.7655035917651,12.4921438699853,15.7237763788347,15.6474008634807,15.7964316926506,13.8994817279758,11.7476677328456,17.8604758144631,19.239818569531,12.9537043903926,20.2806993412206,11.4801673869584,17.0335593875397,15.1152336340852,17.546256578481,14.5084914964614,18.4809168781742,14.0215540925437,17.6290597546063,12.6477648568292,18.0972446656172,14.8148728677789,17.2046846485833,13.4601588706752,18.5303045281106,15.3937606946883,11.110671518092,15.7659984361836,8.76463622725433,16.4136456824366,15.3236131078607,16.1487782937795,11.5928487479974,16.033706204869,9.93855603747208,15.8238077402494,11.1600999800921,14.7004671014275,11.6412397798781,18.7529146905843,12.4357068081768,15.8447204401241,11.0287690894154,18.6675426862978,13.9276392291907,16.6473725592522,11.6749798617346,14.2182877979186,11.3417964198373,14.4409764422942,12.5561719012903,14.676087016764,18.6177710001929,11.2217698436532,14.9545850330177,16.6578676894171,13.3649517701697,13.0390234953313,13.8600517928309,11.9760997131033,18.9274234047244,16.5887724201809,12.314535911245,15.4158184370137,14.2750672082689,15.4775321558315,13.9115852741168,14.6653199059778,16.5411466553743,15.0054428375134,11.7307062580738,10.9160677700874,18.7335981932587,17.4787400658744,17.0936473413493,14.1661730672374,18.6494536926767,17.0853980217012,12.4962612885707,14.9084570190734,12.1614673852548,16.3769729411785,14.2595836821112,15.025624625472,11.7353566941116,11.7216093947975,14.6938035396962,14.6066642356213,9.79341341408852
"norm8",10.7100610086239,17.5146437200575,17.3567018129526,17.4781691546901,14.6191171821289,17.8529504498598,15.455187799632,13.7255526715111,11.4908631871518,17.7404916898621,16.8674624703815,10.3409082393081,17.2931547262132,16.6572130807173,12.3561010752348,18.4773040816903,16.5169999889389,12.8322816328247,9.70037469511827,13.080679699901,15.0203480459179,14.1036248139735,12.1681539839211,19.4991353098482,12.9894102448793,9.88488293001172,10.6404703116823,13.7927112791063,15.873613126745,15.0130304533452,10.7180179198597,13.3051952501496,13.0401482155997,21.8431624718147,16.5615456732055,19.1395351511836,9.15549927819724,17.8225337330883,11.5772758169786,11.5694802853959,13.7747624872337,11.6337995090611,12.8414639131245,18.2064982883547,14.314376824024,16.826206590683,9.09458556762354,20.3539521551082,18.6549146291453,17.4581463709082,15.6401647742829,14.7719813324478,9.55053100123282,13.455670969647,14.7441013853398,20.3677185658226,11.0335532080449,17.5471924420022,14.6131877390126,14.8250185816732,11.4812388522268,15.3771889182871,14.4836288953215,19.5611818488049,12.9398974320443,18.2133309199378,14.5138662137727,15.8878088163862,15.9105806269664,11.9507389869493,18.3723051007924,14.6431453151859,14.0857263049154,13.1017174170293,12.4847974589901,9.38281580948003,9.12738176071667,14.3741518506557,11.7240658754866,15.2384592054446,17.4978591607886,15.8806626321057,14.7123327350194,15.2565200607,13.5793743391401,13.8205826575868,18.5989434985578,16.4895133989588,14.28545831485,10.1541042460313,13.6558965571612,18.0055095869261,15.7041091241272,16.1910565944845,17.961970144145,24.0098179011401,17.5003785489919,11.2593464506206,15.9536265897764,13.8907003143295
"norm9",10.2649795905192,13.6484518377941,12.6711296016485,17.3652152722472,15.9839489946186,18.0566437437708,12.9759856843607,10.1775898160568,16.8035136642956,8.78552815548519,14.0307809361474,11.7365760981867,11.3228286637949,15.4375204138988,9.75924581035308,19.0083674864782,16.4269523464054,15.9652511831587,13.3116777147737,19.2984238633357,15.0865034769086,20.2207904923234,17.4617584939235,14.8958219374181,9.87642255351764,11.8803861696941,20.7119124156216,15.5708103125305,11.7704055040798,9.557929717297,17.8109804836729,14.389092469945,16.0453477654332,12.5770924560364,22.3439245735453,13.823048257051,11.6645145089876,16.8630855620222,13.3325210551371,19.5592541371332,14.4321684755482,14.8937441210159,16.1186355379436,12.7746746505452,16.8217090122882,9.15275528208134,14.8776185179827,11.9595254678826,9.57504989694916,12.9203890144065,10.9915059076537,19.4502264770401,14.1488480598525,13.904848803506,11.3734310354885,13.2461524009408,12.3108258720231,11.2418747325379,18.2240852469041,10.2053741516928,11.3486460686798,15.2081245793272,15.2016281965488,14.5717351784625,17.0284221665746,13.8035918414057,14.6398449724153,13.8605646654514,11.776281355968,14.7459169688317,14.7283691591493,18.1819834322924,8.92559801049842,16.8828801117466,10.8813423032444,14.3137256931309,15.3948132730489,15.1940925013563,17.4060737434882,16.1225508488163,15.8813430416445,11.5075509520919,16.1569512546818,14.1019615013691,22.239133153626,12.6668529774532,15.3143179830651,14.7414747280453,12.1918024940455,12.3342922354431,9.32557453026028,13.5086693322144,18.4136727749415,11.9107104702868,18.4895439666429,14.9495996000862,14.5262395113134,17.19579428238,15.2090976146939,12.3149766393403
"norm10",15.8431823453417,18.7539920221721,15.41767957739,16.1055876000601,16.2408555685294,9.61807227392633,16.2922980714107,15.4254506713418,9.29768971430856,14.7942507551524,12.634307217648,12.6875203111329,8.30150718297493,16.6620492534805,14.4052651423278,14.7363180479207,11.3348966412874,12.2273606507013,18.9628908582526,13.1267810297424,19.2950582850805,11.7995754707145,17.147193038572,14.6685162002348,18.0215068790022,13.9097762678896,18.6990277779301,21.3153132344905,12.4394952794135,13.6184748538802,8.53062166244852,15.9704978043644,15.7816242559845,14.4801743938083,15.339842432891,19.6490383915389,14.6729662544949,16.2992764924017,11.6436825415847,16.0047694443697,14.7190105934357,12.2851543784436,17.7252005151519,16.7918761141587,17.8688257978998,13.7928928619185,14.3525987937049,12.5740852390479,15.8169182667737,13.6578227722469,16.6486449691403,15.1143832919601,14.632213323311,15.7660336580662,13.0234925627161,13.4435212486377,16.5549272687253,15.213596516166,14.0085348805413,19.0815485416838,15.3141723356653,9.62536736084379,16.8469833652475,18.2319674541245,18.9042071140398,18.4926184257304,12.1109370305732,15.219534117148,19.8143050520899,15.7423939738673,16.7552206101287,19.8838688149892,8.82065711497095,14.6224801618991,15.513240176849,15.4332954864292,18.5320940848099,10.883096021885,13.9811460859668,14.9641160427899,15.3045405715799,11.3650012628278,14.7919467849337,14.8671802434233,10.2994880034104,15.0987311257021,16.7577715241883,17.5500589751378,19.011908344647,17.3669163068985,14.9614262604858,20.3694379656444,16.7226771253305,17.9365485993969,10.1667229753645,10.0478933881369,13.713681635077,16.7842574193819,10.5540065557678,14.0179524130078
"norm11",17.3930234034088,16.6549317737645,12.1344424747194,15.7089907195897,11.1674391388409,18.3233600305239,18.8979924477455,12.8097488007452,10.2572688334242,20.7097767734008,18.3346312148596,19.8338522109125,11.5316697924965,14.4636898042078,19.0356504287154,12.1188935892907,13.1568903820141,11.3631157898571,17.7631066449427,15.7147066160273,15.7907317853415,13.5585219159634,13.5412633409693,13.0054651277921,18.1019874973599,16.7351162234053,12.9162421880663,17.4248478065391,19.6956152113833,12.1953258022334,13.306017849692,20.0708193475678,17.9472288795882,12.7582883009881,15.2169967780128,13.55324278821,11.8083654855222,16.0889868881957,11.3827798401592,15.4077319914028,14.2868098508786,15.2822122904763,19.874072710378,14.8112471395393,14.7038892165531,15.1508498256079,13.5175598146545,14.3236764789325,18.5876770336939,10.8078365081976,15.8794300759847,12.1449142802199,16.4677962975784,12.1944575350516,16.3104728834101,12.4614562734926,14.7682246064438,15.5481230613056,21.5226931583132,18.3161686227391,12.4402498584608,13.2548576098367,16.446272134923,12.9155823581281,16.1660892788939,14.6283625952389,8.08218832793741,19.9226768788234,12.2009315811414,11.8696447633225,17.2855309603588,10.0429068626365,14.5085625276207,16.113862145286,20.925858824417,13.1397109256423,19.1154250009657,11.8684150634478,11.945467801699,12.9222479956937,13.4060064271343,11.2710309829024,12.8145124182437,17.5823571114889,15.7286141158971,15.5984862555779,12.2224721135551,16.4918880519716,20.9349064740257,15.3101121633602,11.2887874966793,13.1385928544981,15.9371146326444,19.3041973254693,11.9451722253431,16.2294564798201,15.2917331307201,15.6118332382365,13.8349695554444,14.2762160727135
"norm12",11.8381207563073,13.9090935197091,16.9168227105573,20.6290932935371,23.2862554579871,16.4947385699766,17.8972654401846,15.2030347251266,17.2363503970173,15.8835445777714,17.7547117595261,12.8572435876239,13.8993673515592,18.4322739966441,13.2655465457649,14.1956847154584,13.0428566073682,20.8691856146158,16.8335386697055,12.8043598751796,12.8045856036565,14.5566036746044,16.5549191936367,15.1015113247034,14.5112657491438,14.221470810928,17.9819328700411,19.9813316799767,14.5817005685643,11.1364120624494,15.0747529019826,10.8410637615221,18.6310227570013,16.6872001251219,10.9492506381806,19.6769203958155,11.9761405057816,13.879217416198,22.9557172154852,17.8334615853551,9.39309552329727,14.6877288684434,13.9217421498256,18.1401485526559,18.0203995054286,14.1565840736598,13.2434793695106,17.7133354472059,21.4497809107393,16.5439441310833,18.392789492294,15.0055256331017,11.0111531382824,13.2574108994949,12.2223241753388,14.3172583640865,9.44613226818084,21.2032524682541,12.550706247145,14.4791455347699,16.5255409490425,14.6617607661961,10.5470030852455,16.0207707658093,12.2740962680504,12.6934532034559,13.7537140375889,18.4833750088597,15.0492290017321,14.6423261540032,12.0757416938417,18.7114676980743,14.7383037908927,12.596947729559,15.6663536058193,9.26400027058567,18.47156694278,16.8315689029867,14.5418907030525,16.8527111590202,18.010814270625,10.5432893095001,15.3013578507186,15.5693919718856,15.7967211241006,13.7814377590789,14.8974205302027,16.6688674550153,18.9966381150492,21.9171446957111,15.430703462296,9.97927878393784,15.7919489301094,21.6005172227428,18.265038479956,9.54182340709071,15.3799199924409,14.7728141063521,14.9760160523313,16.5072376306189
"norm13",13.2408008571007,17.1205391641911,19.5437609495754,20.2739386087375,19.8384772313282,9.34136098179077,16.5642103801712,16.6767218322402,16.569160359403,13.2639697066332,16.155145157522,16.0479590781816,13.7708042296131,15.8801598268452,12.8043906337142,12.9585849469255,12.5576529561572,12.5760625693684,14.8523451311179,18.7438331324914,17.0038639514939,11.5483833892404,13.339592346443,13.3389925770358,19.7251298334367,12.2697232177048,15.6118254229003,12.8823007904271,13.6668731417663,17.3353501613426,20.4455663362939,12.4631652162653,13.0302894136273,21.2464733672153,16.8277011927224,15.0480718159961,16.253293005971,16.5302453958358,10.1965366986247,16.6377285085594,17.1927209984935,14.1044812648172,14.4455366980504,15.9163564903091,14.1293431237857,13.3027196034108,11.4334092012422,17.6529016321888,13.6916079472665,12.9627014044903,14.101046912003,17.5600058656836,14.4776237083883,16.6433837263605,14.9399909521261,15.9408508288717,16.5477669781228,20.2617891184395,17.0054343874426,13.1708739216145,17.207071331129,13.871732671088,19.8649762320169,17.1560223916972,16.2760175511803,18.7328517061859,10.26006714458,17.5112328681049,16.2418072908493,15.2277938165109,13.5201612411196,14.3641939243458,21.3542098548892,18.1127031011785,10.2394254377498,17.2621395491365,19.9096568638334,16.4466724889577,15.4434866385856,18.2073031340448,15.8074591468423,16.8072175180701,14.1874736622745,17.7828797489964,16.0776857302266,17.4285484808474,12.8984270194833,14.1085780329688,17.5729512698602,13.5477938138692,14.988929276592,12.4916866824811,9.87629229837481,13.4650052477877,15.7887335965689,13.3172959674335,12.2400126130507,19.166728106985,11.2591168313437,14.0697118458362
"norm14",20.274991281108,19.1228132936082,19.1845449601854,9.5457502801727,15.8414132931248,15.5285510906086,16.8446449956068,17.2653596199214,15.3349267291689,11.2851371037873,18.0668486151317,9.24460375072768,11.7236934034549,18.9803178391286,16.5263662894946,14.4547609225608,16.037237892285,11.9705872539109,13.7363672539699,15.122213139966,14.0254950805629,12.4333324417164,17.770866779548,12.2878035301193,10.8947032645155,13.7422538522845,14.2098027612123,9.74053674523691,16.4117129636186,15.9539257277508,14.9647671447643,15.3754525539841,16.0969345963708,18.5862751452127,15.571902002043,10.9451898317634,17.3848485310056,12.5426764000637,10.4569279331048,14.5830482824716,10.0853722349717,12.0472752776158,17.5838363533919,17.8944592643654,15.0997076803788,16.8706182985147,18.767355069096,13.76823683259,14.6551350148308,18.7049678701473,17.8001243029287,15.2012738980313,11.7300279675554,17.6023266042804,14.9321490120862,18.2032034578267,13.649689351495,16.1164649638822,14.8210537681302,18.6861076594727,11.5119591221544,16.7008033602931,17.2710737493267,10.6778252175533,14.0066115212805,19.9206971992182,14.2709498228174,20.3975024650758,19.9850451968987,11.763974099123,17.9650369778336,13.6624527234576,15.5994806410941,12.9904074510503,20.266008732606,20.2297415520125,13.1306286278441,18.1652505290126,15.1371075512233,14.799336186969,15.8084860051641,13.6406921510634,11.9075461169626,17.786152931383,12.0864950407445,14.8246766409807,18.2175101817014,13.5509861453973,19.0858112458608,9.84077829428786,20.7706277889996,19.7328304625632,14.5247742722034,12.3715412965374,14.4157295838296,16.7807528813098,18.7232852357749,13.2752749942102,16.5064993640963,14.0461240957348
"norm15",19.8643327250503,16.0737637360109,13.5598421113766,16.9130506673491,13.0392224386986,12.6785031082296,14.4024771972317,11.2056615539797,12.0377052954557,9.82267679150219,17.8995469194958,16.9607970471453,20.8456480290003,11.4300688449154,6.97607503278601,14.2487869853913,14.9390016788675,15.1175472158234,16.7866754676891,11.0143891860196,13.8354866714028,11.9584756516856,14.5976866879212,12.1145619422307,12.1964282353756,11.7049165841622,11.0149959161398,20.2973894022232,10.847217631865,12.5817673742259,11.027642923586,20.2581468379379,12.6616323155086,19.663821956598,14.1078038392825,18.6739116287425,15.4579612175597,16.2077573821329,17.7370474740871,14.9711948526907,13.2424269520909,20.4797760614862,17.5702006694117,18.3392394956866,16.8097092499701,12.9635329458412,15.5184230010098,12.0648478514722,14.06575151001,14.3485894055018,6.8518314755643,12.5066348976525,15.9371985780388,17.952185247397,20.7158962398386,14.8771564856074,15.3738566803519,17.459265191758,11.7936207876718,15.0922906937635,12.8214735990437,14.8995102312718,14.1186618720383,10.8601588827635,18.8497907982545,16.0033682305849,14.8648975073672,16.3647074034515,16.5703448608644,12.9949425767524,13.9997159443127,17.3133709439814,14.9372500613303,16.2853288820839,10.3387102461677,14.2576504423332,15.7189227323811,10.1604376469127,11.9162838310537,14.3171479780348,17.7640239051949,13.1470061499342,14.8446369771494,14.5917411067676,10.1008144456882,12.0590644622504,17.1017215397662,13.8594128066667,14.8542370444522,14.2945391384806,9.82794993456221,16.1911835359351,21.9479797441462,16.4308028973211,11.5690295731049,16.9183846797324,9.11638901633141,12.2177708136907,16.1660106108762,16.0321983603004
"norm16",15.1651212680573,16.8830973496357,19.0701257720621,17.0914365488234,16.4209128305484,12.6470113880553,12.0818581855751,14.4928335930151,11.1797907582524,13.4754151709429,17.2952404189771,15.2649004862808,17.8165854802141,15.519886419428,14.3827137162336,18.9013456534275,16.87870336216,14.3582238588925,17.9336397821358,16.3816054099944,11.5689112209022,10.5853250334773,17.4569843330258,15.9614687855577,12.8076644721732,9.62423874703201,19.8622790173555,17.5225693361502,13.1736005175918,18.9811534888288,12.0573533769607,13.0200755780409,17.0619540823944,9.53757627346702,13.1059822259721,19.3735737276755,15.6324664435606,13.9003264420897,10.8694583030397,14.267244419337,19.7107165260978,12.6587451435621,11.9330226231882,21.5513189251845,16.779786005331,17.3513233891966,15.3197529297361,14.2225086885498,13.2198318538507,13.4087901701775,15.3408486438683,16.7560328912812,10.7041556246464,14.4433869702848,10.5289020575052,16.8346575173752,12.9583450107891,15.1620757557811,13.3759262965589,15.4597466458906,16.3273252702736,10.3463615867048,11.5215632976114,18.5258055898399,21.4728543654834,21.3238054427211,17.0413378722491,13.4958485811891,19.2337963796049,17.8551258172962,23.3265078216592,14.40292873754,18.4882199048078,18.1842996486259,14.9397688826262,14.5203464569356,17.5135807667225,15.9978342009883,19.2433719142398,15.0347017873362,19.6191376767043,19.4589934564204,17.5710474437109,16.9933409354168,14.5054818463616,12.9886610099758,18.1222558973613,18.7006266496929,15.3830051337489,13.2766681265145,16.4900631910338,8.54734629325383,8.04108105731119,20.0916819850441,9.70412733701969,19.7124488775747,15.849685124906,17.5582923008807,21.588188326404,19.6597309370823
"norm17",11.4100811284414,14.4354072091405,12.8471701572429,15.9061354209468,11.7048293620759,13.1085795980931,13.4679151655673,19.8344848673449,17.4862492326928,9.08450890977045,15.6976348738305,12.5488044278499,11.9501939124272,23.0671622660461,7.26363876867797,19.5220959911202,8.42412265908001,11.4207943634724,18.7093950581981,16.0700091242649,18.8040458563246,17.7365833570703,15.0790512672212,14.164774601204,11.6884998294285,12.1580196785779,12.1173503806837,12.3010409927092,16.0845706948,13.7697798234411,13.5295959394477,11.7448706667737,16.503167602425,16.0891286728965,12.2032598852388,13.4694784273408,15.4312579553634,19.2974684718936,16.4755953205786,17.058245845483,14.1762124751292,21.5114025485326,13.6278562256292,19.7692070220227,15.0330311101441,15.9101521405516,11.9544191989354,18.7867767504615,15.6580117549771,13.4705799766564,15.4311702251192,13.0143848938277,17.0575677718607,19.3006200360583,18.3492876225798,11.1206022710732,10.3687564125078,18.8278734904003,15.2128997107686,15.9360047213426,16.9803891232982,16.2786347300706,12.5595554668076,16.4848667235089,14.2140976504727,16.1689428460097,17.4066933719039,14.1902975058891,15.0903722777037,11.805284635158,15.6297868941021,16.6449342103121,16.6085744633172,13.834306070384,15.5783261949789,20.1143045740279,11.6994567256362,11.3103475193081,13.8741826947549,16.1719889137898,9.95865671264747,14.8130897546856,11.8802112125691,17.2213274156434,10.8477834727647,10.8349019147745,14.7045742350441,20.2178711412734,12.6230432633422,12.483764600611,15.5448805414295,11.3924505947633,13.9290382741737,17.3103082810429,13.4966587044176,11.0604227265681,19.7441890668152,13.685216940414,20.589178322242,17.1531611797367
"norm18",14.0235474978604,15.6367228559232,9.03512522361101,17.0972149833787,13.067182101656,12.3751333082135,19.0658420360839,17.3751717359464,13.4836203277852,20.3791596073785,20.7636874161873,14.4100123368572,12.5193767902485,10.9984007650364,17.183790102377,13.3026714978328,17.2272320527572,13.764329948685,15.213568663516,16.3381343967274,12.5621159400136,13.7167791585132,14.8698422636446,20.6601519760192,12.9126647147671,14.5202830139749,15.9282013004976,12.2359543247219,15.5188327028693,15.0075373334236,14.6777228716929,18.976618618381,13.7108705943438,15.7350783021065,14.130862422402,15.3230009108136,10.5953624859534,13.7736955456993,17.9944066710412,11.4709383659549,8.94918923056705,14.0041493038322,21.1685105613809,15.680648249,19.6529097450162,15.5481571171052,16.9324540030778,14.3868821342541,10.6700898887336,17.3586481073581,14.6923645646451,13.9874474020975,14.7805313783889,17.9572769354688,14.9531441375205,12.8828147913799,16.8962853146898,11.9987220747951,14.9516152080179,17.7388786127914,17.0851482810064,14.8733064207289,15.5923660769232,17.7771750467121,17.4285981075713,11.1178797533737,13.768757616639,17.8374371509509,14.2252800870629,11.9027077845233,7.76889276124863,15.7693151876053,13.2215753214096,14.1698141371461,13.1109973103253,15.1171534307637,13.2326659923498,14.6534142932746,17.2766018473023,9.2097747352414,12.3578895963786,17.6757265646469,17.1146236996384,14.3880611352934,16.3505417806089,11.7905429908755,11.3744844087515,22.3766195667509,19.3340682385586,15.379598001066,11.6939538199699,9.93848058430636,10.155859495738,10.6610748796343,12.5597574191634,13.4195408594814,16.8689749846846,14.8509405528241,15.8667515012818,15.8186965510264
"norm19",10.2247388426696,13.8704621025158,17.0508240869962,17.0633646368373,12.583141280377,14.9910769360607,12.5086000291573,14.0566625030955,10.2401013273655,17.4267970953104,17.5987156922592,11.3468953282434,12.9427732142268,12.2343276747007,16.1454632989492,11.0555777447076,16.389645988941,10.5752486104736,13.3717073123603,12.7684426681822,19.4757109645183,9.27999847160657,14.095610836951,16.4246516818885,15.3358019887551,11.2868113928592,16.5508783010438,14.239324651363,17.2979578188721,16.9281393484274,19.7994610723069,11.5452323045139,16.414271609984,17.0267609548769,19.7836902688826,12.9283952264009,11.1160889964502,16.9197737219783,14.2556920401084,15.5727490441657,17.2644381440387,18.4095735751142,17.8220548989681,12.3497981743745,15.0248006469443,12.4426074559006,16.1979728941215,12.1269688147842,13.91985178159,16.209318553477,17.6695713383683,14.262625440717,11.0443300787223,18.1204262375519,12.6731205750542,19.1413579871233,13.022832662697,11.008971458231,13.8043930187561,12.7093322422554,15.8297885748326,13.8524663820737,19.2581997629828,14.9728030456798,14.7986104802673,19.7401354218146,23.3757633373728,10.2245314199726,18.58759361911,12.7027490661538,17.5339081903998,12.4377703362992,10.7257537505875,15.670897018513,13.1125506364277,20.7389917298461,12.5078930579096,16.6923154718606,14.4404493081963,17.8965838740665,14.9999996729192,10.8702893092202,18.4271766989782,16.4857255718173,14.058495172411,15.2253270646251,11.7348049157208,22.4327848015464,18.5581937537234,12.49932161011,11.975693875413,9.99027781789102,16.1064805518886,11.2961366629595,14.2319871303921,15.1812396277451,15.312438181889,11.3394468555194,12.9670675490314,17.6850276783246
"norm20",14.5148168030581,15.7075597602993,17.4244418196057,15.3278969558995,14.6759851032909,16.058805238967,14.8504344439024,15.8482996665486,15.5471383896166,17.738566028831,13.9139702932531,17.8023121391403,19.0515512208823,13.4624640057296,17.7965405207495,12.8255524421003,15.4255041603875,15.3976318308057,14.8612990193755,17.6345563994838,13.284746258057,14.9424183523211,12.5448242158962,15.9604035375023,7.79978925080135,15.3523147950482,17.4982172454755,13.1954578144351,15.2380804784802,14.1697414238588,11.497964863468,10.7237638813392,13.6147724556632,11.4941646067843,15.513006709258,12.6089363610866,18.7508009534377,10.7787826934458,14.3202810548938,13.8543973884961,11.4900372790707,22.6446067721922,18.4206459283008,14.754087869607,16.6153576646963,10.4350269190116,22.1693670477053,14.8235665167166,12.1386422180968,15.859087447264,16.2129721604803,11.5245420330547,9.6180769609821,9.48379096951587,14.486252134116,19.3609648777139,17.8363600904044,18.953674915282,15.640342462914,16.2409964579797,17.0666982985762,17.3812368979483,17.4592968076564,17.5116649887914,14.6790430493865,13.7449783234701,11.349398484314,14.9821794338523,12.2946549579659,16.4945462033118,14.0260471630601,16.1139934933143,20.1431331382821,11.5706260571528,17.7987395844615,18.6943035541488,10.8294422988888,14.0775919075396,15.1417182308547,19.5855776125256,12.2188505302604,16.1842624256064,16.5733793897359,22.0833568050874,16.4948979596144,12.1308385928206,13.7554062330069,14.2862228650601,11.9002938592148,9.80846389127613,13.5970007624262,15.7677608585808,13.2881644530297,19.6266194652265,15.9992724531869,11.8815170905388,13.6940835930424,16.9052258609212,8.64068050659406,13.4561050747403
"cancer1",11.3076452920307,13.0934074332476,20.4901032944016,14.504929126359,15.967632282775,19.6221287729314,15.1046863676532,15.1814507042755,15.5224042030552,21.3428523703954,17.87324542181,14.48249426896,13.1752129784469,17.8943845585117,20.7704759933204,14.1251610220971,13.2864907412609,15.2281076490037,17.5307349537631,11.5146309471822,15.5105044825742,13.5694766529491,13.1419874925017,15.4948283775371,14.0054281302579,12.9156244130169,10.9978512536913,20.9041109404273,15.0506563446135,18.8970552831348,16.5686789673621,15.4076296724122,15.6469737534838,17.9489704575913,14.0339590171721,14.2781337763361,16.81010264342,15.5252336989842,14.7404484047071,18.7593033568615,16.0355349443629,16.4422139946766,16.1241641315309,18.5865100076062,16.6180216883178,9.77041516464347,14.0022333004719,17.4866185307916,9.60575321162541,15.1728977887444,12.7149592867206,16.3428585138306,11.9844060332285,13.9348757687249,10.8192823168775,20.5223246147606,15.5714018882372,15.4384315399604,18.4323356369919,12.2986023354923,11.934340230867,12.5668951209183,14.0863520805225,19.1958329174301,22.3561346624496,9.52402654468197,14.7950381521646,17.1957787511981,18.0974737481865,16.024826131687,13.4574553674574,12.590781495152,13.6958350369147,10.1896865350095,11.9968210089184,16.4953127333418,15.7738087939475,13.1850405541343,21.3178098440256,15.9481232052286,9.80937713884388,17.677425793867,12.6500739645364,12.0172348786509,8.00467250391444,15.1921065320244,18.7313493036493,13.309567965992,17.4039411168472,14.4492080913587,2.08958206357929,9.39509410479798,4.9023294333587,8.38649079077175,5.37878372448829,24.7923480563184,27.9296593068126,22.1184551789384,25.5006941350288,24.6995809240969
"cancer2",16.9482952600417,9.35859248231784,14.8328720811658,9.8265174768769,15.4362857934776,15.026707562628,13.4940672213962,16.8659302767455,17.9577778382313,14.2568111494792,11.0979770997581,9.33657316167996,18.0113034453848,18.3373021649528,16.7677144229484,13.3262847668241,14.00941930493,11.7933051362123,14.0659023454012,12.4127630214069,15.986685958075,15.2179752630567,14.2530384401375,13.2626941067674,19.1331655375033,19.643868733749,21.69479445572,16.3891921886551,15.5708354646748,11.6009020913843,19.7847813645821,18.6285445392033,14.1544343821758,15.2931471541164,22.1558254685681,14.095425473764,17.1161555482206,14.5548537029164,13.7467243342039,19.5122463376807,18.0272820712785,13.1755124067428,13.4643169520667,14.4960425800827,18.9631546594907,18.4553957305555,15.4217515952727,8.29782587825423,14.2974353280513,16.3259895661103,14.1857537658464,10.3998890700442,14.8394396650151,13.3601093259369,13.4831026510459,17.0250167358374,14.8571946685471,10.6890826161767,11.4870845739483,16.8464959099415,13.8049705963806,13.2913951175668,13.2455510946815,17.5410971267304,18.4954799594046,14.3935130260164,15.2592227060359,13.4884389513237,16.7138803171477,20.0279761379204,17.2802371329782,11.274899097771,15.8157318805843,14.2693588046104,12.9893287550109,18.1123264073514,17.3176840934191,14.5662710920246,17.4384629694481,12.5449560116644,13.9649828046577,12.2946458012898,15.0213458019165,10.1485145098677,10.933634133924,20.4228427062869,17.3483109315968,17.3003009747276,17.4394695162115,15.3864918812158,1.00056347615005,2.22061129341447,7.89505646125246,6.42998777629926,8.02451890015702,23.1210145242142,24.1693297863154,29.1366768556337,18.2680260547608,28.401041085
"cancer3",17.4593890626853,18.5608107841391,13.4174468766151,10.0535195850968,18.2058936550343,12.7655546896289,13.7230596754185,17.2060061690564,11.2120709620142,7.71474055348559,11.2707756383395,15.1157367063201,15.8886884818592,15.8427999236328,8.29658973203139,13.102922710939,18.1653447117551,12.2988416622426,12.7744867348669,13.9851290119151,15.6853939809785,17.9567611497135,13.4048159987445,16.6355104334556,16.9128632411412,12.034662878494,10.1265342583244,15.0457163454512,17.2182412559675,18.9930290824477,13.3954178739126,12.3234383559978,12.1615125288693,13.8357576372454,13.828603434873,13.7132905257999,18.8296235061012,10.0386534375536,17.2653266990917,15.4432295307873,14.3068568454008,19.9524665707957,15.7656134497116,17.5979747164332,19.794004340123,18.3105607070425,13.8213922139148,18.3575744321327,17.9812035698822,16.3419199999766,15.0313617457544,16.1766939507504,17.4552730502801,16.1357273175556,15.9903069232777,15.3401857048222,10.5751043818342,11.3818188021743,15.5774328098449,15.7491051427034,13.6096092930365,17.5580332369306,16.9817257951137,13.8262437010956,18.3402997604044,15.2129138310266,11.52421149312,13.7860762858975,8.98233906789509,9.32040191333416,17.2079887576037,16.097428479659,16.3393879694009,7.93899443389622,14.0622633090345,17.7043788555442,14.8609251538489,17.9383711662132,10.2115736793484,10.117979862018,12.4614746615794,16.0723315286861,12.0633014082083,15.1591418933768,18.3263314768955,14.9577650435347,15.6024445898388,16.0127925517378,13.074378081127,7.22317487580453,8.72131105699779,9.02961627394849,1.52826807839015,7.0075927275834,0.369234594710066,23.8158518515188,24.7296218865345,25.304312470282,23.3912584916188,29.6027145463659
"cancer4",15.2910563233315,16.4866535314996,13.0264226430009,17.9666253378069,16.3417332622496,14.9510270333455,9.91528225668824,11.0905651490372,12.4213044720663,17.0512136387988,11.7326770607279,14.8030023687562,11.7126032910459,16.2418098004011,14.787886920774,17.7174527041869,23.8379100087777,12.1532919669276,15.9700298128522,17.1474979997981,15.8113017889212,15.4547373689991,10.5924162411021,15.0355298000812,12.83444725911,20.4124582003185,11.7820285351128,15.3832166281213,20.0360063877326,14.4040773081938,9.76661454315493,16.8910673331158,16.6918465240652,18.2314492506926,15.4167759204055,13.1764108553792,16.4163336618096,15.0246888439095,14.40256876312,11.6884617272929,17.8571980360223,11.475698480726,11.5015379786235,12.5114157551466,13.3988973291993,12.2364905806848,16.0917340489987,10.4599385426083,13.9098290610268,13.5375240241394,12.8414177465081,19.5904339563358,16.6450819701196,17.4694217759948,14.5093122851142,6.50340291614368,19.2622266907973,16.501250950489,15.1301378738651,16.7569606519803,11.0051793655103,19.7767372524321,15.5991936057682,14.943061094639,16.5995488923733,19.2522080805744,18.4928296340049,15.5474153971759,21.0681658257394,18.4171619490124,9.12807313655674,18.9004460989838,19.7540109229387,15.0249522940743,15.3785788741296,15.9190707775628,14.1939643725703,16.9336334740358,16.1836422219117,10.5019244585157,9.67034199582305,13.8919394135534,15.5682683546434,10.8217435867713,11.8988507455633,14.2137337209574,20.0300912264311,15.1471196843108,19.6979001175078,13.892408889434,4.39286308422322,6.80364763622212,0.503859636232567,6.01135773280541,6.78451695815869,24.9146391751932,21.0562696886757,28.8533859577954,23.8123567570107,22.5650679584157
"cancer5",14.5998686751833,14.2229151228579,14.6214223843505,14.7948012644573,18.4221503972939,11.0649769036586,19.6297641256303,12.5970175307163,14.1711530537811,10.9110195998684,14.6315658855284,17.5388683056153,18.7076469637625,14.7952367554216,14.4524106563914,15.1534797439721,10.6065252808271,9.34054011782346,10.2417652808633,16.0412551575662,13.2323241239582,14.9192548651514,18.9447625050209,15.2633801430693,12.8700351181825,15.4411875136777,19.7416113076117,16.7226118795874,13.9654672159505,15.0808750071359,18.7820935631058,17.289190033882,16.8626819715233,14.4373590392625,13.5514233118176,14.9950428819512,11.8396832469951,15.0786075587143,15.6193949384395,16.9177867589984,18.8152726411637,9.74947081625783,11.4572957299947,12.7977959406688,17.3906858308232,17.3291888536757,15.5885274614572,15.7517284820323,15.3388979483586,21.2077519169661,20.6040749499357,16.559571235821,17.6632202014118,11.2278183950443,18.8071069369147,17.4738785535314,18.1835792755586,13.8557987098343,13.7269044886123,13.002536149683,10.9381043197006,15.2131143451152,18.8374854135238,14.9552426261479,13.3550799198736,15.1449385885803,17.9653221377798,13.7831914375919,13.9749354408803,13.7498402157043,9.89938179322192,17.5240236538387,16.6946153051344,15.1598348323926,17.2297449994842,11.8682795195103,11.4260483843195,17.8762327676515,14.0120970327191,12.3342197215899,18.7633160155899,18.884512576176,14.8318259056054,14.2407693705251,11.5236535591243,17.6700843161638,9.04783918170215,14.793706788413,13.6250549560984,16.2001576684198,2.50015102358457,8.73122262318176,5.51386836260169,10.7632564271779,0.942524888671152,21.4640905756798,22.462870092444,23.1852825601309,22.018196149964,24.8589060900915
"cancer6",15.3804787820307,15.3979044004495,15.2799038559871,16.7090229187974,12.7062808878501,17.7348429213937,6.41892271079201,14.2622329944141,12.2204367340783,17.0520233514679,16.40978213455,14.7863380006875,14.3693143736924,15.1807126373796,20.4978449249546,15.55671851153,17.1662252051328,12.5591174157052,17.4577411177457,23.9276502896593,10.154327916044,6.82940781683241,9.80082482379953,18.5693740299516,16.0630321755435,14.2626861403195,9.94915662844113,16.2723149660995,16.4726676848139,13.2674413200107,11.9498714823095,13.1628649099659,13.6260283173333,14.8522179442422,11.2175233960719,19.3772912421958,22.5232593652639,14.0744289199789,15.4090561112237,17.5117021132237,16.33283045853,20.7587363950578,14.5960998305693,11.1309788224137,11.3254089646507,16.0095033875962,10.9257924569836,16.8909716291695,11.7318719993483,9.85127326704081,11.4932094462512,13.3271509576053,13.0829488255792,11.2771254288569,15.8022556077558,16.7596816024366,19.3892735208254,13.5516210737471,13.7856234840706,11.516418274459,16.3740960584152,13.1024550549728,18.1634735831977,15.3162519172566,20.2217760693643,15.0465533078553,12.6156628811102,10.6117750640332,15.8825837853831,11.3053146803884,16.8768797220907,18.4754504049539,14.198232714556,15.8338737363161,18.3734747822309,8.47892238228402,15.4019973264914,13.7597944274911,8.05063665405948,13.7045470251025,14.7137848896198,18.2511097035857,14.608579584371,18.6064863442245,15.9286917692692,11.5446204192724,11.2111658699064,14.8814691057507,15.3027629744796,17.0584970967812,6.05616353575119,7.66290997105989,1.00736508699551,12.7157235217022,-3.11241994070155,22.5327732050425,25.6621163369633,29.320211794415,25.4963299279708,25.5565245961716
"cancer7",16.0819938812334,21.5645504013016,14.7113775947114,13.8120687829313,16.4942837253619,18.2433602254534,17.2352307149207,12.962495788396,17.288426737129,16.3403930503403,17.638877816099,14.4605062818307,17.1675714315461,12.9290148986336,18.6903756109237,11.6001695972635,12.320744801386,12.940282710824,14.9710844078814,15.9445555334239,15.2530049013815,10.1587236660386,15.3094472129242,11.8408088159259,16.0378846327044,18.9822943842931,14.566989675126,14.069453291271,21.0818127590765,15.8968371053912,18.5710233168579,17.4035255352947,23.4495063024026,16.0179517213673,17.4560303641331,15.3788215191512,16.5770611154316,11.7076603394758,21.774804603952,14.9417003475333,16.4230251564365,13.7522048812089,10.1252093049915,11.7387793325498,17.1009596403565,14.9179966201138,16.2216156083765,20.3391435099657,13.996220458223,12.4857016920887,10.7513338558396,16.7872958357329,21.6458136566876,11.4823957791331,17.5425372212853,15.427884774796,15.2527011450002,13.889113618061,14.0668203359766,23.8810143427728,17.2349648496058,17.09110096945,14.6255482690732,11.7761600520442,14.313254847791,10.4219361078351,15.198048000393,14.6072277908975,16.8625296123197,9.46515565916912,16.2860295542937,10.9420890946082,16.2017088414217,15.2327406872852,17.5543998638282,18.6586704607566,15.2348957511136,15.3523257656334,17.4473009766779,9.47958235115033,9.36493585030877,18.258717040404,14.4949008474937,7.23432660846259,15.2451283888737,16.7747653918022,12.6912121935955,16.0175710922866,16.5435404543213,19.5808161137799,2.87840135188334,6.45649179529212,2.83573733179237,0.189593897941156,7.28360717635271,22.5350482515313,25.7944929915142,21.3626006198077,23.1249711787946,24.4318000073757
"cancer8",15.3011572363432,16.4856361017894,14.1805368837283,15.7974186823328,16.9514470537269,17.7105473318624,14.2628165894839,10.5056065982011,14.3654964031224,12.1680078799743,15.6503297277184,13.1614530697895,20.6720256328446,13.2644727956831,14.8768699067237,20.5774651102246,17.5701862719973,12.9476825587629,21.0076428778637,19.6334636633509,16.9222641093194,15.5305344889805,16.0084923983931,7.41683353169857,17.4265019209009,10.6003812855537,10.1371292582797,18.652711661414,18.8027733883985,15.5498465213341,11.4273769215227,20.6961961975319,15.2762000624648,14.5806799122645,14.9675113382123,18.7925489153857,21.0121178924147,11.87198187615,15.7164988635983,17.5391191787325,14.6329032243265,15.2303734063538,14.327797636313,15.6267764503909,12.8234800716909,23.0969099995272,14.859227699728,15.5068021836222,16.9405847880879,12.6004325506614,19.885671539866,13.5553136305361,18.4533041745187,9.8993214070139,16.1247833365704,17.0880794462816,16.7060019898908,14.3068765554686,15.3913588091355,11.6739207204912,16.9918919724996,17.7357191814726,18.5125659548063,17.3630569298287,14.0861733295582,7.96357287185686,13.1856112114892,13.7805696573447,15.7930231246608,13.4490039620539,17.5272206750796,15.4295659951399,16.5246979405401,13.7497244845554,14.9644081971027,14.903207404354,12.7761231424355,18.4676129478974,16.2605415152186,13.7992609261087,17.0725928442352,9.03509063451961,14.7063527945414,17.6034536259673,18.252593675312,18.5376973331812,16.5632438865415,16.0797380917159,21.8061872796382,22.2273292774127,9.01566009553859,5.56437914817731,7.27445343317948,6.71962486544445,6.82919940959873,30.2915286595668,23.4546272341291,29.2359133098844,24.1913917032787,24.070817939409
"cancer9",16.9190434972821,10.8293085316236,17.152694883008,17.6750888080863,18.7827817326196,15.5848758098058,17.6805369050911,11.2011366323779,11.3430368786503,16.711589805953,17.2246981847589,13.6861690892656,14.1610656129928,9.3830608403509,19.9791823253498,16.5331844827738,10.9832076426256,16.3863577427801,10.5783485372438,15.8524903571388,15.7381783255034,11.7195531964352,15.9985356897033,14.0526123813647,15.0811671194523,15.4089231555657,15.5474590041055,15.5918159295389,15.6343979649525,13.3340699868024,15.9278014794202,12.6681829357411,16.7437229839014,13.9578544373407,11.9012051921371,17.8861105451765,17.709826831874,14.9030481458816,15.4371553902832,15.0010617046852,17.5274367441344,14.434689182031,11.3473510983363,14.0421393369715,14.7657960251917,11.4441259460943,16.2605554211057,14.939966103477,12.6417020573895,14.424950365725,19.7950972021023,13.3873785173589,15.9353005265211,12.0969690392296,20.1160255024105,12.3823960673331,12.5732287725246,15.2746191684646,13.0487365722739,11.121000088023,15.9372361223677,13.7970507048557,16.7508817196006,10.2678334741416,15.6872341958493,13.4476799114117,14.2890136126568,15.5064872234536,22.6303003385881,16.1878982746415,14.4143582064382,12.6617776635641,18.461373646946,12.4241329054273,8.24731742817298,17.14990698851,17.8124170031944,14.4218104324429,11.5902487215085,16.6481550842357,17.9361867003267,18.7553437547312,12.7961028860166,16.996080234651,15.3271037818667,16.3192566790188,14.9296163371763,12.8534218649916,15.5594186053623,22.1954454061476,5.30138817143435,5.52780373212858,4.37726561746065,-0.449592174936535,1.5993864109368,23.123455753144,25.5493256957028,23.4955347208538,21.2828358806199,24.2710377920785
"cancer10",17.2304253447573,15.9559113986406,18.6763822687271,14.4274478151692,20.8759669016727,14.892720254424,8.93360225430166,16.4798342079296,18.2143047845887,10.6692805880704,15.9310202821089,16.8582184261336,15.1837259808378,14.3612193688803,13.3959398347009,17.4020663782605,11.4238755190805,18.6890697762939,14.4165443698489,14.9386072169206,18.976350912188,11.1350008615644,17.3974656635099,18.4753698724892,19.8963756715935,17.0197387932596,15.6290498801364,19.3577955244228,21.6592549202713,18.949746612423,13.9859729060297,14.5526933486925,14.163176200997,14.8418466840541,20.4225916983235,10.9406100673017,17.2800676073189,15.8474217783321,18.6928120579378,18.1277003705597,13.3669594761773,14.4905059233868,15.9607563240038,10.5576888142799,21.0347405153488,18.6274047324857,17.3368774320589,15.1475924721027,16.2678283163054,12.1836368046462,15.7557008832948,14.835953670271,16.3848703325275,22.1233415919641,13.9134960423182,10.35503661016,15.6079199925149,15.8281463096958,16.8009283153908,19.2708394853235,16.0671665619297,18.7320414964513,18.9053739446337,13.2122655797449,23.1162499917179,10.826404007212,11.8276208567039,8.68405566477609,17.1253864206076,12.4389011762001,16.4208035573242,14.4997564458584,21.1690618242717,10.93140036033,13.2872923266926,16.2309945851819,15.926169239435,12.607735489693,15.1588866870139,11.1064382911512,16.5404460926641,13.5643023720275,11.4801445257381,19.202592838817,11.5120287997454,15.3785446288358,20.9202372945053,13.9311313140044,13.9712883172327,10.7057575818728,-0.668417741553025,0.266003521761041,1.28515171388761,2.1924298162689,7.14756146087901,18.985406331517,24.2052508150943,22.8009592513062,23.6309393816383,20.3204178758348
"cancer11",16.5648173987268,16.9331776182616,17.479777606074,15.4939154953279,12.1503114202638,16.7044085369186,14.8321884349428,14.6243736876239,22.9807346268522,14.6215475431167,17.8011328820679,17.6018458168601,11.6582074389748,24.5747722580412,12.6136285036412,16.3601082965355,17.5485119237146,17.7057643014979,17.1094313425741,14.7541564349165,16.1546540048139,19.8843775905434,16.2516374478745,12.9760676957742,14.6203846770636,6.57124606510065,22.8277528014749,12.6168533763537,16.1286314853514,17.9824979581895,15.0074655194881,15.1725950273305,10.9557365088877,15.5785627842108,17.089704597183,14.3601949006099,13.2190066256379,16.6964594675947,10.8101561834125,18.9055827155317,13.9849186640214,12.13927287886,16.7723843330299,14.9356862568208,18.3518835320562,15.5251328410783,13.1689194409507,19.9793274149746,10.2625915175557,20.725437430973,12.2000738061141,12.7554458060939,13.7601180378796,10.6784424994287,11.0465526280166,9.95777959668701,16.6583535871153,10.6675158710102,15.4197826841049,18.9730056604364,13.9972139784887,9.82803890482956,14.7853973468816,18.5105757928332,12.5175114322286,17.1368410273063,15.8415587582638,9.25928820127641,15.307866196576,17.3199722124312,14.4958124935558,15.4250245262996,16.0785097402394,14.1501931341915,19.0637928339007,12.4587264081954,15.2093779174241,12.6212872516787,18.0936267594912,12.5874870948501,18.5099910668037,10.6356635491719,13.7899729150398,17.4182549639859,15.4024052775782,17.6020670176178,16.3379931752636,18.0635478226471,14.3704975950683,18.8705444256293,8.64324840165236,-0.656719777682187,5.41376609808481,7.79510855001646,7.06897740868022,25.8718748374502,25.5342295482616,21.4441484327062,19.1734883034405,23.3549043458607
"cancer12",13.8695469419025,19.1273346070631,22.1632244097635,21.8108996135063,14.3680621000663,6.2954842726298,15.1081699388149,14.6404371213145,19.1677755607295,11.1157272920688,18.0448323711361,17.9310595130928,12.2871221396553,12.7117732928625,11.2658126282876,12.3916207484101,13.4906594847117,15.5484358561913,12.2368843784847,17.3217415306864,18.112624691908,10.8555259766998,17.0408869627302,16.4414604087428,19.9963890425809,14.0306318818132,19.0229459172289,11.2223611108824,19.0587875100246,17.295788228187,13.7270911137941,14.2838340326046,10.401828222126,15.5925512294697,17.912091378857,16.5629752721488,16.7432274186959,17.2518353779556,15.7360309564168,19.2415780928536,17.2561748484205,15.40727648747,13.4862341764715,14.9296124134534,15.1281936732148,14.7924631696828,11.5719047334515,19.0211402093587,17.1404766156861,14.371964380817,3.03996987378415,18.8240617002929,15.4518725597451,4.4999411547782,16.7459010804405,14.2903020998203,8.26982627708193,20.9326561176111,17.7982184382048,19.7638102030327,11.2974833367598,14.3790299843402,13.7827203449256,15.6810778002299,13.6923687359147,14.6545120903511,17.1902570761422,13.8913304648903,19.7959209017478,15.0513599628672,18.2006451548463,14.2713001066479,12.7132316830446,19.49984063132,18.0947931348758,13.8640356283103,18.0502510556986,12.4299673147058,15.2591797614416,18.8722805593585,15.7032305136311,16.72259038841,17.5872718407138,13.824866481772,12.6628343197579,13.5053319370186,13.1503036318002,18.6991212988297,15.6408049585916,11.8042976823528,5.5937683771273,9.48431798857093,3.013447773833,8.62600225180922,3.17042340661498,22.9461165420194,23.5804141588504,24.1184412073337,21.2775701397307,28.2347945692035
"cancer13",13.2599842395564,8.63404908741515,14.8830602293053,15.0795833116451,11.1076787593256,14.2091823937386,10.9326020007237,15.6635134559092,10.3133128772283,16.3753526230161,21.6768940369512,18.7894566194183,12.0466549021629,14.2834547699845,12.7902382916402,18.9917714993509,17.7814144078912,12.7384006192659,18.3193708898579,17.7822913814169,18.6029533732316,12.7520715016603,15.8417458903172,13.3056475084518,15.7558445157406,13.2020441117553,14.0373513749232,11.6984504969232,11.222783457683,12.4668358465539,17.9868917190585,16.7098848195476,8.61427818479698,13.0446151783119,20.3825201695963,12.4197186996143,13.1790883044586,19.2519001376443,17.2949279583091,15.4304834848299,12.166064580024,22.4469232320862,14.8476956136345,14.7062458319522,15.5554997106353,14.0041562084741,13.1842124604009,17.7589322558563,15.678663826708,12.4830903504413,8.72919579049521,18.2169470926543,17.874424945581,14.0029757143722,15.788889530618,7.60768448226418,14.1884071577042,10.2745145509981,11.2140819665335,18.0948339997631,16.2533444393082,16.374870088598,15.4123060574227,14.704889947952,11.690184518389,15.1386952716738,12.8343365309403,14.8176770298592,12.8078228147538,16.3179617142321,17.8221537821772,15.0588656593233,19.0567007988775,15.3993238141078,14.7706218488785,16.8681186674678,16.9679784835845,16.9389533958706,17.6251313301146,14.6659845340714,18.6457259740393,18.2104431650398,11.8643556166815,20.4026172740509,11.2520117766971,12.607037062814,13.833818196592,16.9383138711014,18.001757065882,19.964484304519,4.19378688034132,4.86357935243394,3.93256226854494,4.6286382130952,4.77112958357503,30.2128201649602,22.7606604119034,27.0825068171511,31.2262307330978,22.7335248973394
"cancer14",15.4725610112017,17.6090903634844,12.6443011822197,14.1214346218468,14.4803733227533,16.9349371635984,16.0176086402549,21.5743550987546,16.8858264706303,21.351939840872,13.5630150355871,17.4763094358346,17.3735024893415,12.9943757581216,18.3207367853705,18.3699428140366,16.7160270849967,12.8964269446896,15.5084964603319,19.8411291071682,15.4127860883327,13.9870720087569,17.3779634796819,14.8884798820629,16.4732988025484,22.7542117780763,16.6305381956792,17.2594446207942,12.8476798413885,11.8757985477882,14.7101249059784,9.39621463375697,12.5156705898493,21.7634258721319,20.0848836115991,12.2422499692197,10.9399412861633,15.6177189208889,17.9935703694587,20.2269047366366,18.0469860223981,18.9432557886352,17.1157560899963,14.6583980436988,12.4363351236147,16.8000969021386,14.2337291666404,15.1554829546202,15.0622079670417,13.2648923836794,17.8250025978355,13.7977049760665,18.9215581426957,19.1659722250667,16.3921111877119,14.7779466246619,16.9408122285715,14.8703741982187,17.641122233933,11.1435924146847,21.759073495735,14.7137739015974,9.50002417945757,9.38715682497657,19.0379975436134,13.0590501769029,15.1678834354859,18.6085251951437,13.0273363400993,10.8525091702868,10.3532214222363,15.2373245632626,16.7090014731494,18.1796677697922,13.3342568878118,11.4779917176645,22.666715717723,17.3754446798268,15.6124226201042,19.1294939249165,12.3799139218403,15.9896334241241,10.9279904863202,12.6305959155374,18.4139285234301,8.21556975208652,15.6116096260916,17.2620802500924,12.6072668638236,16.561558883653,6.2145169366577,1.86182816778832,2.70164294898818,3.92445033975507,1.28844305460744,27.6354769802975,21.3694578305351,26.6748357582534,24.174499950843,26.3747982384409
"cancer15",9.97002886220262,20.4270890112078,12.7509650695475,17.109613562121,18.6860217685508,10.6509567220928,15.1552166601961,16.4841238213847,16.1933644263214,15.8569595677301,12.7155157616822,14.0770525440233,15.7941961822382,15.5287439459153,16.2213547378704,15.4573088327145,17.1055319061881,14.9177259693527,12.1664516125051,15.7724413088695,15.2207264200888,19.4084331733695,18.8594377875972,17.6294692017963,16.2755988209751,22.071631746094,19.63283081817,15.574887854364,14.0328346681587,13.0583152794285,19.1604879755903,13.60176060327,10.2740277486527,16.091312253869,9.95109218514001,19.2074770879779,11.1491450851167,18.0253820347661,9.01354054922751,16.4966711833119,10.4364359411304,12.2412266232963,22.9302215322505,13.9666878910864,20.4797275325508,12.4831925626803,11.5586279068403,12.8785581586668,13.2030585503141,10.7267226575968,16.9669835978563,9.38067492936681,15.2229367474369,13.1043241658265,14.3068180300117,14.7830176530574,18.3141329280017,19.971629025244,14.3542053151806,14.2789108672461,14.2918651683267,13.990169246943,12.1015035811028,11.5048500575752,13.1809405934257,18.504868606656,13.2889204132173,11.7135800270138,18.7701305122829,14.9038424589834,16.1956239410008,10.8984150053829,11.4389333269164,18.8467708220151,18.6528364673413,10.1223578803215,15.6347538575395,12.6974378459754,14.0284604474805,17.0696295197649,14.4749543103719,17.028736789836,12.6506478556899,18.5855251385154,15.3697082478301,11.8158132948561,15.8810781545974,12.9605998232126,16.0863594229507,19.554107702719,2.42909916346343,2.14983453195184,9.59179566933831,0.533498432858522,7.70788258514911,28.5497807202341,26.4819759551661,22.2440971131283,22.4405618492106,23.3915157695315
"cancer16",13.5093511696746,15.2517567876984,19.8745303960664,18.5140059391596,13.5554930843893,17.6543782408995,15.4489298264298,14.5316537871705,12.6177787647951,11.3893664533833,19.4516882730324,9.30966874864385,8.99129908830417,12.4299784378789,15.2485685838354,16.3674113675332,20.0600190897916,12.7938364938547,16.5403030243238,10.0036700801929,12.5061960656215,15.3455155094039,13.7926743843725,11.156647357598,12.7311665238998,16.2938581009275,13.1392929694568,13.2722906691765,8.84559682414089,17.551430051812,19.6295950123048,14.8362940917599,14.5002754723934,11.1688439954661,18.9108210873371,15.0091696862906,14.3072290612056,7.35568433746337,14.797198585446,16.934961638514,13.1804796673839,13.1651915169896,13.7200851411533,6.51697906118566,14.6493024297545,11.1872521942924,12.752305214507,10.99039136631,13.9504056384038,13.7626712863039,14.101041265943,13.0337936105717,18.8344457890646,15.0174999402969,15.1651580649208,15.6616347634629,14.7042420289798,5.54777234843964,16.3571279999987,11.6909208637585,8.85246185022554,14.3288047293494,14.1886119647525,17.4445447761056,16.6293262074096,21.8500627830022,16.1539314302283,16.1126908404074,15.6489243244369,15.672055093629,12.9254403263022,17.677384032481,13.0485594014457,17.0557832299809,10.4644642420204,21.4182281227503,13.0082892288147,10.2169372571112,17.4782105922583,10.0423315626301,13.5453773118326,19.3175885603216,9.23354207325406,10.1415508977822,16.7774415375133,16.9003196470762,9.89422466023763,18.8141602327944,10.634437700356,18.5696295332272,5.54717319706356,1.89925627480867,8.97577824106262,2.06346642593278,4.03550032752459,21.2246237008449,20.8515920932949,24.1994027180163,26.9171592277918,28.0073972948298
"cancer17",18.3358936840321,12.4036004493557,14.6721489122801,17.7721081866572,13.3720994270114,11.304826086134,14.3229632183363,17.9916567036219,17.1044772829411,12.8995858404592,11.4017701249351,16.7640748022443,18.5012063708789,16.3894106383607,13.6753312200912,12.7630241795576,15.0125117373089,13.1339900645366,9.53375953575989,18.8146305825151,17.3205446431928,11.9524966716957,14.3211983470455,18.1067202844838,15.6003437706519,11.0913923080878,14.4918085884676,15.8521710375394,12.6525494081101,10.4915155263246,11.941466365047,11.3666152836514,19.4434512966364,11.3338759148219,15.6349226997069,15.233413564607,15.5175238734724,16.2712286959253,15.7828649112471,20.4594056735461,17.5235642103915,19.3261628092474,19.9773678058204,12.3669656368331,14.3601569131023,14.2095214537917,16.6931750115907,17.3206699037394,21.4210816659572,13.7119836508173,12.5880040961095,14.9495040744587,15.0962045054038,15.2223025362792,14.5072432553062,8.81970521303218,15.7813602267668,12.5052639861341,15.1794082964338,16.5558433959006,18.9474410925354,18.6646354048935,13.1220583206212,14.5826942652881,19.3623622349581,15.7420808036723,16.6957045476481,15.9376878576424,18.2715153413008,19.243501576271,19.4109742964358,10.5692949515048,16.5209272182805,12.7725604314499,17.745905306667,9.4388179785279,12.2723153784606,17.1455685800383,13.6649353470078,14.869680334053,11.8610262755892,16.3316952322623,15.9103703336793,12.5330327730987,17.9104549034477,11.459741558328,17.8856462099231,13.8893357367404,13.2827282555806,18.050886327052,4.12169612015338,7.87759908471698,6.8387555229795,-2.32401062020659,2.01410592942032,30.8555914548415,19.6048076058393,21.9178154694999,27.272189987891,30.453912909933
"cancer18",11.1379655155389,18.7062831341078,17.458601502379,17.0768508417983,14.8525943169992,15.0790989879436,19.8695535364866,15.7098197601395,13.6361339536569,19.6391923839927,13.4081162775609,14.3356663042242,20.1156700185473,15.3207096791018,11.5124732826743,11.6404106607026,21.6292728657954,15.2532329270459,15.3841088962853,16.2887771568251,13.0617337414969,8.87431850325368,8.50687807459862,9.20802063712332,17.8013103820099,14.6134409247186,15.3734937280487,14.4192381243974,10.592964911409,18.337573581783,12.4393977694763,15.7250655105136,18.7982128668004,15.9358197957749,8.64206749581571,22.2183277318461,10.8743456976436,13.9355224181806,12.3595390426494,19.2878792198103,14.474964354615,14.5197423151862,12.4560794356789,20.1448929978375,18.0670654721985,15.926649274583,18.5821416283622,12.6038525568848,15.6737602885032,14.3681923323981,13.2905851162452,11.6851398481298,22.0944352009728,13.4468851385154,19.0712604962165,15.8725706290471,13.7094548442612,14.8190103062176,14.4238834064699,13.3365270760697,13.3127171344854,17.3371224690356,15.783740270068,13.6360415778519,13.9197478423959,17.1540552001892,11.2575664499663,12.5342785877034,12.2708110924727,11.7214079203609,18.9187201326855,19.661055154019,12.2916866698987,14.2849230062343,18.9575573162719,19.0374787723887,14.154613066285,13.9165751154831,19.5004020252424,15.5310101657995,13.0852200009017,20.6339515718492,12.1748681078531,19.5204662203168,15.068489204799,16.5986505168368,17.9260823395412,19.5372765632906,20.1718718676351,12.6163645159138,5.65909885672464,5.71830935869503,6.23505334129045,2.28957483161158,5.22856852068218,26.2478032438142,29.0202801006964,23.5291593411092,27.9410190008774,26.7427119027754
"cancer19",11.2445834217991,15.6692659870715,20.1829642561329,16.8721311050411,19.1170435721673,16.7322124690832,17.7383649014866,19.8506353027616,11.8559107549479,12.1273311921351,9.55248544822788,12.7601534856589,17.036469340256,15.9608323572353,10.636137207367,16.8756522398862,9.50616931683688,12.847616646827,14.9350699072394,16.2513140482648,16.5098850627862,16.8225624588455,17.132660350699,13.0832351701712,20.9635893633676,16.0714286993713,15.0769572352869,20.6718362037872,19.9191522048064,14.8515902106176,12.5779351366208,19.827211099174,12.5914523569125,19.398048176569,17.2483940710129,15.7318208259783,14.7454151560094,10.5366890678631,11.2654180372135,13.5690350831575,12.7628004761178,19.6398110611589,15.3300896616574,18.322921465026,11.1723377667183,15.8458038244068,16.2741029445284,14.224622786736,12.5161576210284,17.4482801138875,18.3814929110456,9.90261830576523,16.9308560556595,15.7058008405516,15.0861695312184,19.497992017674,13.763172587538,13.9009839032164,14.3885999367305,14.7279559823616,12.8206222321318,20.4508988745156,17.5744717749855,13.997013357199,18.2294239942367,14.6254862039889,15.2654662257122,15.7002889396778,15.0959308423191,11.4475161746129,15.9447748360592,13.7874143730216,12.8654599191487,13.6570268731201,17.1718287957157,17.2342560329101,16.9790908903843,12.5030638195825,10.6201446610633,13.0601883488631,15.6683610546284,18.4097052827184,15.350226032863,17.0621946589022,13.8614068432389,17.8462125371046,14.3631396538069,12.0208496738754,13.4454441932228,14.9224079554283,3.93696954921996,4.73173223182444,1.37162682896788,5.35831306037665,2.26159341118544,28.9938212355609,23.5848671723762,29.2876360917468,19.3497543567146,30.3891232086006
"cancer20",15.6573252622868,10.8127687314804,20.2842956029827,15.1656079575209,10.6714567014699,14.8491940910899,14.5894394177591,16.1219327269659,14.8574989319357,14.373735607416,12.5986727329793,17.2493611651546,11.7803234419235,16.0824436499264,19.2227372626763,16.349280221496,17.074724403281,18.9985377215844,15.4422827631006,16.7892692346055,15.2315256206456,19.4806876965366,15.6510402514013,13.7307450932232,17.4200588429296,12.6117365594132,12.5267883846534,11.9972672905896,13.3188849904932,11.1326061238241,16.2665610297217,14.8050797215942,17.4289442954062,12.8115733838049,13.6568202109254,17.2761738627094,13.2832500872757,11.7321752538258,18.6648151228214,15.9816262589808,10.0205632788212,18.423726269357,19.2455760183013,14.6676194664814,19.52209996455,16.9136849592996,14.5591189292039,13.2100185711043,17.1759339086278,12.5737285115179,10.0806680393539,10.3404176997523,10.9018614126085,18.8378256272746,12.0866895958988,16.5975651112534,11.1798135372584,18.2087086943834,12.9128012883437,15.5138331795317,14.8836314616741,11.1625550932676,13.753901005827,15.8872526625625,13.3555617665404,16.2908652526006,13.5926615165269,17.1288216286273,10.8430716727276,19.175730695246,10.5592047430628,15.3186108389933,14.7118207132569,14.3628042708608,16.556988094871,19.3270269627751,19.1456298118077,13.9811331770574,11.9087805013319,15.0883517961507,9.43704727101529,21.763847637218,12.5042253167196,18.3465498850828,21.7863376545714,16.6078488626724,12.4500394670748,16.0409460101987,13.951254930183,14.083997053783,5.8832012088126,4.91928105663694,2.59265546934406,11.1343605129837,-4.56619747202608,21.2505598828538,24.6142996641255,25.3600351356152,20.3675943598597,29.4377185465923
